{
    "command": [
        "taskset -c 1 ../afl-qemu-test/benchmark/test-ap/a \ufffdaJJsa5",
        "taskset -c 1 ../afl-qemu-test/benchmark/test-ap/a AiJJsa5",
        "taskset -c 1 ../afl-qemu-test/benchmark/test-ap/a AaJJsa5"
    ],
    "clock": "global",
    "dump": {
        "main": {
            "main_0->main_1": {
                "normcost": {
                    "time": [
                        3.600027412176132e-05,
                        3.699958324432373e-05,
                        3.7000514566898346e-05,
                        3.600027412176132e-05,
                        3.5999342799186707e-05,
                        3.7000514566898346e-05,
                        3.50000336766243e-05,
                        3.600027412176132e-05,
                        3.600027412176132e-05,
                        3.50000336766243e-05,
                        3.699958324432373e-05,
                        3.699958324432373e-05,
                        3.400072455406189e-05,
                        3.5999342799186707e-05,
                        3.50000336766243e-05
                    ]
                },
                "callinfo": []
            },
            "main_1->func3_0": {
                "normcost": {
                    "time": [
                        1.2999400496482849e-05,
                        1.3000331819057465e-05,
                        1.1999160051345825e-05,
                        1.200009137392044e-05,
                        1.200009137392044e-05,
                        1.1999160051345825e-05,
                        1.200009137392044e-05,
                        1.2999400496482849e-05,
                        1.200009137392044e-05,
                        1.3000331819057465e-05,
                        1.200009137392044e-05,
                        1.200009137392044e-05,
                        1.1999160051345825e-05,
                        1.200009137392044e-05,
                        1.3000331819057465e-05
                    ]
                },
                "callinfo": []
            },
            "func3_0->func3_return": {
                "normcost": {
                    "time": [
                        1.4000572264194489e-05,
                        1.3999640941619873e-05,
                        1.4000572264194489e-05,
                        1.4999881386756897e-05,
                        1.4999881386756897e-05,
                        1.4000572264194489e-05,
                        1.3999640941619873e-05,
                        1.3000331819057465e-05,
                        1.3999640941619873e-05,
                        1.3999640941619873e-05,
                        1.4000572264194489e-05,
                        1.3999640941619873e-05,
                        1.5000812709331512e-05,
                        1.4000572264194489e-05,
                        1.3000331819057465e-05
                    ]
                },
                "callinfo": []
            },
            "func3_return->main_2": {
                "normcost": {
                    "time": [
                        6.9998204708099365e-06,
                        7.000751793384552e-06,
                        6.9998204708099365e-06,
                        6.9998204708099365e-06,
                        7.000751793384552e-06,
                        8.00006091594696e-06,
                        8.00006091594696e-06,
                        6.9998204708099365e-06,
                        6.9998204708099365e-06,
                        6.9998204708099365e-06,
                        6.9998204708099365e-06,
                        6.9998204708099365e-06,
                        6.9998204708099365e-06,
                        6.9998204708099365e-06,
                        6.9998204708099365e-06
                    ]
                },
                "callinfo": []
            },
            "main_2->caseb_0": {
                "normcost": {
                    "time": [
                        1.200009137392044e-05,
                        1.2999400496482849e-05,
                        1.200009137392044e-05,
                        1.0999850928783417e-05,
                        1.1999160051345825e-05,
                        1.200009137392044e-05,
                        1.200009137392044e-05,
                        1.200009137392044e-05,
                        1.3000331819057465e-05,
                        1.200009137392044e-05,
                        1.200009137392044e-05,
                        1.3000331819057465e-05,
                        1.200009137392044e-05,
                        1.200009137392044e-05,
                        1.200009137392044e-05
                    ]
                },
                "callinfo": []
            },
            "caseb_0->caseb_1": {
                "normcost": {
                    "time": [
                        1.3999640941619873e-05,
                        1.3000331819057465e-05,
                        1.3000331819057465e-05,
                        1.4000572264194489e-05,
                        1.4000572264194489e-05,
                        1.3999640941619873e-05,
                        1.3000331819057465e-05,
                        1.3999640941619873e-05,
                        1.2999400496482849e-05,
                        1.4000572264194489e-05,
                        1.3999640941619873e-05,
                        1.3000331819057465e-05,
                        1.3999640941619873e-05,
                        1.3999640941619873e-05,
                        1.2999400496482849e-05
                    ]
                },
                "callinfo": []
            },
            "caseb_1->caseb_return": {
                "normcost": {
                    "time": [
                        0.00014400016516447067,
                        0.00014400016516447067,
                        0.00014499947428703308,
                        0.0001459997147321701,
                        0.00014400016516447067,
                        0.0001550000160932541,
                        0.0001459997147321701,
                        0.0001450004056096077,
                        0.00014600064605474472,
                        0.00014499947428703308,
                        0.0001450004056096077,
                        0.00014499947428703308,
                        0.0001550000160932541,
                        0.0001450004056096077,
                        0.00014400016516447067
                    ]
                },
                "callinfo": []
            },
            "caseb_return->main_return": {
                "normcost": {
                    "time": [
                        5.999580025672913e-06,
                        6.9998204708099365e-06,
                        6.9998204708099365e-06,
                        6.9998204708099365e-06,
                        5.999580025672913e-06,
                        6.9998204708099365e-06,
                        5.999580025672913e-06,
                        6.9998204708099365e-06,
                        5.999580025672913e-06,
                        6.000511348247528e-06,
                        6.9998204708099365e-06,
                        6.9998204708099365e-06,
                        5.999580025672913e-06,
                        5.999580025672913e-06,
                        6.000511348247528e-06
                    ]
                },
                "callinfo": []
            },