{
    "command": [
        "taskset -c 1 ./benchmark "
    ],
    "clock": "global",
    "dump": {
        "case1": {
            "fullcost": {
                "time": [
                    0.0012249997816979885,
                    0.0012260000221431255
                ],
                "expr": {
                    "case1__0": 1,
                    "case1__1": 1,
                    "case1__2": 1,
                    "case1__3": 1
                }
            },
            "case1__0": {
                "normcost": {
                    "time": [
                        1.2999866157770157e-05,
                        1.2999866157770157e-05
                    ],
                    "expon": {
                        "c": 0,
                        "loc": 1.299986615770462e-05,
                        "scale": 4.7267571635783066e-17
                    }
                },
                "callinfo": []
            },
            "case1__1": {
                "normcost": {
                    "time": [
                        1.3000331819057465e-05,
                        1.200009137392044e-05
                    ],
                    "expon": {
                        "c": 0,
                        "loc": 1.200008236212931e-05,
                        "scale": 4.992582946424555e-07
                    }
                },
                "callinfo": []
            },
            "case1__2": {
                "normcost": {
                    "time": [
                        0.0011859997175633907,
                        0.0011889999732375145
                    ],
                    "expon": {
                        "c": 0,
                        "loc": 0.0008943053702278665,
                        "scale": 0.00029571485291448923
                    }
                },
                "callinfo": []
            },
            "case1__3": {
                "normcost": {
                    "time": [
                        1.2999866157770157e-05,
                        1.200009137392044e-05
                    ],
                    "expon": {
                        "c": 0,
                        "loc": 1.2000082362129307e-05,
                        "scale": 4.992582946424555e-07
                    }
                },
                "callinfo": []
            }
        },
        "case2": {
            "fullcost": {
                "time": [
                    1.2999866157770157e-05,
                    1.200009137392044e-05
                ],
                "expr": {
                    "case2__0": 1
                }
            },
            "case2__0": {
                "normcost": {
                    "time": [
                        1.2999866157770157e-05,
                        1.200009137392044e-05
                    ],
                    "expon": {
                        "c": 0,
                        "loc": 1.2000082362129307e-05,
                        "scale": 4.992582946424555e-07
                    }
                },
                "callinfo": []
            }
        },
        "case3": {
            "fullcost": {
                "time": [
                    0.001238000113517046,
                    0.0012640003114938736
                ],
                "expr": {
                    "case3__0": 1,
                    "case3__1": 1
                }
            },
            "case3__0": {
                "normcost": {
                    "time": [
                        1.2999866157770157e-05,
                        1.400010660290718e-05
                    ],
                    "expon": {
                        "c": 0,
                        "loc": 1.2999863552184218e-05,
                        "scale": 5.159128273333327e-07
                    }
                },
                "callinfo": []
            },
            "case3__1": {
                "normcost": {
                    "time": [
                        0.0012250002473592758,
                        0.0012500002048909664
                    ],
                    "expon": {
                        "c": 0,
                        "loc": 0.0008665275811760749,
                        "scale": 0.00037924679727834823
                    }
                },
                "callinfo": []
            }
        },
        "main": {
            "fullcost": {
                "time": [
                    0.002555999904870987,
                    0.0025829998776316643
                ],
                "expr": {
                    "main__0": 1,
                    "case1__0": 1,
                    "case1__1": 1,
                    "case1__2": 1,
                    "case1__3": 1,
                    "main__1": 1,
                    "case2__0": 1,
                    "main__2": 1,
                    "case3__0": 1,
                    "case3__1": 1
                }
            },
            "main__0": {
                "normcost": {
                    "time": [
                        4.200031980872154e-05,
                        4.1999854147434235e-05
                    ],
                    "expon": {
                        "c": 0,
                        "loc": 4.199985413939935e-05,
                        "scale": 2.321521643869371e-10
                    }
                },
                "callinfo": [
                    [
                        "case1"
                    ]
                ]
            },
            "main__1": {
                "normcost": {
                    "time": [
                        1.8999911844730377e-05,
                        2.00001522898674e-05
                    ],
                    "expon": {
                        "c": 0,
                        "loc": 1.899991083884296e-05,
                        "scale": 4.989060665244779e-07
                    }
                },
                "callinfo": [
                    [
                        "case2"
                    ]
                ]
            },
            "main__2": {
                "normcost": {
                    "time": [
                        1.8999911844730377e-05,
                        1.899944618344307e-05
                    ],
                    "expon": {
                        "c": 0,
                        "loc": 1.8999446164959198e-05,
                        "scale": 2.3375719683642165e-10
                    }
                },
                "callinfo": [
                    [
                        "case3"
                    ]
                ]
            }
        }
    }
}